,,,,,,,,,,,,,,,,,,,,,,,,,,,,,,,,,,,,,,,,,,,,,,,
DuelID,ChallengeID,EpisodeID,PlayerID,OpponentID,Won,ArrivedFirst,Target MARGIN,TeamPoints_Before,OppPoints_Before,PointNo,IsFinalPoint,IsTiebreakRelay,RelayLeg,NormMargin_Red,NormMargin_Blue,PressureWeight,PW_NormMargin_Red,PW_NormMargin_Blue,RedWon,BlueWon,PropType,TargetType,PuzzlePhase,GameType,PuzzleChoke_Red,PuzzleChoke_Blue,TeamMatchID,RedTeamWin,BlueTeamWin,OpponentPower,Momments weighted difficulty ,weightedOpponentDifficulty,OpponentDifficulty,WinContribution,PlayerPower,BlueOpponentPower,BlueOpponentDifficulty,BlueWinContribution,BlueMomentsWeightedDifficulty,,,,,,,,
1,2,2,8,22,0,1,1,0,0,1,0,0,0,-0.50,0.5,1,-0.5,0.5,0,1,HOOP,LAND_IN,RACE,Immunity,0,0,2-Immunity-2,0,0,83.79826383,83.79826383,0,0,0,67.23510684,67.23510684,1.112928319,1.112928319,67.23510684,,,,,,,,
2,2,2,10,16,1,1,1,1,0,2,0,0,0,0.50,-0.5,1,0.5,-0.5,1,0,HOOP,LAND_IN,RACE,Immunity,0,0,2-Immunity-2,0,0,41.31858862,41.31858862,0,0,0,82.60497852,82.60497852,1.367342511,0,82.60497852,,,,,,,,
3,2,2,6,14,1,0,1,1,1,3,0,0,0,0.50,-0.5,1,0.5,-0.5,1,0,HOOP,LAND_IN,RACE,Immunity,0,0,2-Immunity-2,0,0,39.03611247,39.03611247,0,0,0,27.58694566,27.58694566,0.456640801,0,27.58694566,,,,,,,,
4,2,2,3,15,1,0,1,2,1,4,0,0,0,0.50,-0.5,1,0.5,-0.5,1,0,HOOP,LAND_IN,RACE,Immunity,0,0,2-Immunity-2,0,0,51.04168587,51.04168587,0,0,0,29.84487753,29.84487753,0.494015864,0,29.84487753,,,,,,,,
5,2,2,7,21,1,1,1,3,1,5,0,0,0,0.50,-0.5,1,0.5,-0.5,1,0,HOOP,LAND_IN,RACE,Immunity,0,0,2-Immunity-2,0,0,38.09950844,38.09950844,0,0,0,72.22434098,72.22434098,1.195514042,0,72.22434098,,,,,,,,
6,2,2,11,17,0,0,1,4,1,6,0,0,0,-0.50,0.5,1,-0.5,0.5,0,1,HOOP,LAND_IN,RACE,Immunity,0,0,2-Immunity-2,0,0,87.3927445,87.3927445,0,0,0,19.359337,19.359337,0.320450958,0.320450958,19.359337,,,,,,,,
7,2,2,5,23,1,1,1,4,2,7,0,0,0,0.50,-0.5,1,0.5,-0.5,1,0,HOOP,LAND_IN,RACE,Immunity,0,0,2-Immunity-2,0,0,64.53486708,64.53486708,0,0,0,50.4424244,50.4424244,0.834962644,0,50.4424244,,,,,,,,
8,2,2,4,20,0,1,1,5,2,8,0,0,0,-0.50,0.5,1,-0.5,0.5,0,1,HOOP,LAND_IN,RACE,Immunity,0,0,2-Immunity-2,0,0,100,100,0,0,0,70.52106527,70.52106527,1.167320084,1.167320084,70.52106527,,,,,,,,
9,2,2,1,24,1,0,1,5,3,9,0,0,0,0.50,-0.5,1,0.5,-0.5,1,0,HOOP,LAND_IN,RACE,Immunity,0,0,2-Immunity-2,0,0,51.08951022,51.08951022,0,0,0,84.62528419,84.62528419,1.400784198,0,84.62528419,,,,,,,,
10,2,2,11,20,0,0,1,6,3,10,0,0,0,-0.50,0.5,1,-0.5,0.5,0,1,HOOP,LAND_IN,RACE,Immunity,0,0,2-Immunity-2,0,0,100,100,0,0,0,19.359337,19.359337,0.320450958,0.320450958,19.359337,,,,,,,,
11,2,2,2,14,0,1,1,6,4,11,0,0,0,-0.50,0.5,1,-0.5,0.5,0,1,HOOP,LAND_IN,RACE,Immunity,0,0,2-Immunity-2,0,0,39.03611247,39.03611247,0,0,0,80.04548841,80.04548841,1.32497582,1.32497582,80.04548841,,,,,,,,
12,2,2,10,13,1,1,2,6,5,12,0,0,0,1.00,-1,1,1,-1,1,0,HOOP,LAND_IN,RACE,Immunity,0,0,2-Immunity-2,0,0,91.95005724,91.95005724,0,0,0,82.60497852,82.60497852,1.367342511,0,82.60497852,,,,,,,,
13,2,2,7,22,0,0,2,7,5,13,0,0,0,-1.00,1,1,-1,1,0,1,HOOP,LAND_IN,RACE,Immunity,0,0,2-Immunity-2,0,0,83.79826383,83.79826383,0,0,0,72.22434098,72.22434098,1.195514042,1.195514042,72.22434098,,,,,,,,
14,2,2,12,18,1,1,2,7,6,14,0,0,0,1.00,-1,1,1,-1,1,0,HOOP,LAND_IN,RACE,Immunity,0,0,2-Immunity-2,0,0,38.08913399,38.08913399,0,0,0,60.85262954,60.85262954,1.007280539,0,60.85262954,,,,,,,,
15,2,2,5,19,0,0,1,8,6,15,0,0,0,-0.50,0.5,1,-0.5,0.5,0,1,HOOP,LAND_IN,RACE,Immunity,0,0,2-Immunity-2,0,0,72.01141643,72.01141643,0,0,0,50.4424244,50.4424244,0.834962644,0.834962644,50.4424244,,,,,,,,
16,2,2,9,16,1,1,2,8,7,16,0,0,0,1.00,-1,1,1,-1,1,0,HOOP,LAND_IN,RACE,Immunity,0,0,2-Immunity-2,0,0,41.31858862,41.31858862,0,0,0,46.2026372,46.2026372,0.764782355,0,46.2026372,,,,,,,,
17,2,2,8,23,0,1,1,9,7,17,0,0,0,-0.50,0.5,1,-0.5,0.5,0,1,HOOP,LAND_IN,RACE,Immunity,0,0,2-Immunity-2,0,0,64.53486708,64.53486708,0,0,0,67.23510684,67.23510684,1.112928319,1.112928319,67.23510684,,,,,,,,
18,2,2,3,17,0,0,1,9,8,18,0,0,0,-0.50,0.5,1,-0.5,0.5,0,1,HOOP,LAND_IN,RACE,Immunity,0,0,2-Immunity-2,0,0,87.3927445,87.3927445,0,0,0,29.84487753,29.84487753,0.494015864,0.494015864,29.84487753,,,,,,,,
19,2,2,10,20,0,1,1,9,9,19,1,1,W,-0.50,0.5,2,-1,1,0,1,HOOP,LAND_IN,RACE,Immunity,0,0,2-Immunity-2,0,1,100,200,0,0,0,82.60497852,82.60497852,1.367342511,2.734685023,165.209957,,,,,,,,
20,2,2,1,22,0,0,1,9,9,19,1,1,M,-0.50,0.5,2,-1,1,0,1,HOOP,LAND_IN,RACE,Immunity,0,0,2-Immunity-2,0,1,83.79826383,167.5965277,0,0,0,84.62528419,84.62528419,1.400784198,2.801568397,169.2505684,,,,,,,,
21,1,1,2,19,0,0,2,0,0,1,0,0,0,-0.20,0.2,1,-0.2,0.2,0,1,Sand_bags,KNOCK_DOWN,NONE,Immunity,0,0,1-Immunity-1,0,0,72.01141643,72.01141643,0,0,0,80.04548841,80.04548841,1.32497582,1.32497582,80.04548841,,,,,,,,
22,1,1,12,16,1,1,3,0,1,2,0,0,0,0.30,-0.3,1,0.3,-0.3,1,0,Sand_bags,KNOCK_DOWN,NONE,Immunity,0,0,1-Immunity-1,0,0,41.31858862,41.31858862,0,0,0,60.85262954,60.85262954,1.007280539,0,60.85262954,,,,,,,,
23,1,1,5,14,0,1,3,1,1,3,0,0,0,-0.30,0.3,1,-0.3,0.3,0,1,Sand_bags,KNOCK_DOWN,NONE,Immunity,0,0,1-Immunity-1,0,0,39.03611247,39.03611247,0,0,0,50.4424244,50.4424244,0.834962644,0.834962644,50.4424244,,,,,,,,
24,1,1,3,15,0,1,1,1,2,4,0,0,0,-0.10,0.1,1,-0.1,0.1,0,1,Sand_bags,KNOCK_DOWN,NONE,Immunity,0,0,1-Immunity-1,0,0,51.04168587,51.04168587,0,0,0,29.84487753,29.84487753,0.494015864,0.494015864,29.84487753,,,,,,,,
25,1,1,6,24,0,0,1,1,3,5,0,0,0,-0.10,0.1,1,-0.1,0.1,0,1,Sand_bags,KNOCK_DOWN,NONE,Immunity,0,0,1-Immunity-1,0,0,51.08951022,51.08951022,0,0,0,27.58694566,27.58694566,0.456640801,0.456640801,27.58694566,,,,,,,,
26,1,1,9,13,0,1,3,1,4,6,0,0,0,-0.30,0.3,1,-0.3,0.3,0,1,Sand_bags,KNOCK_DOWN,NONE,Immunity,0,0,1-Immunity-1,0,0,91.95005724,91.95005724,0,0,0,46.2026372,46.2026372,0.764782355,0.764782355,46.2026372,,,,,,,,
27,1,1,7,23,0,1,1,1,5,7,0,0,0,-0.10,0.1,1,-0.1,0.1,0,1,Sand_bags,KNOCK_DOWN,NONE,Immunity,0,0,1-Immunity-1,0,0,64.53486708,64.53486708,0,0,0,72.22434098,72.22434098,1.195514042,1.195514042,72.22434098,,,,,,,,
28,1,1,4,17,0,1,7,1,6,8,0,0,0,-0.70,0.7,1,-0.7,0.7,0,1,Sand_bags,KNOCK_DOWN,NONE,Immunity,0,0,1-Immunity-1,0,0,87.3927445,87.3927445,0,0,0,70.52106527,70.52106527,1.167320084,1.167320084,70.52106527,,,,,,,,
29,1,1,1,21,1,0,2,1,7,9,0,0,0,0.20,-0.2,1,0.2,-0.2,1,0,Sand_bags,KNOCK_DOWN,NONE,Immunity,0,0,1-Immunity-1,0,0,38.09950844,38.09950844,0,0,0,84.62528419,84.62528419,1.400784198,0,84.62528419,,,,,,,,
30,1,1,10,16,1,1,1,2,7,10,0,0,0,0.10,-0.1,1,0.1,-0.1,1,0,Sand_bags,KNOCK_DOWN,NONE,Immunity,0,0,1-Immunity-1,0,0,41.31858862,41.31858862,0,0,0,82.60497852,82.60497852,1.367342511,0,82.60497852,,,,,,,,
31,1,1,8,22,0,0,2,3,7,11,0,0,0,-0.20,0.2,1,-0.2,0.2,0,1,Sand_bags,KNOCK_DOWN,NONE,Immunity,0,0,1-Immunity-1,0,0,83.79826383,83.79826383,0,0,0,67.23510684,67.23510684,1.112928319,1.112928319,67.23510684,,,,,,,,
32,1,1,3,20,0,0,10,3,8,12,0,0,0,-1.00,1,1,-1,1,0,1,Sand_bags,KNOCK_DOWN,NONE,Immunity,0,0,1-Immunity-1,0,0,100,100,0,0,0,29.84487753,29.84487753,0.494015864,0.494015864,29.84487753,,,,,,,,
33,1,1,2,14,1,1,2,3,9,13,0,0,0,0.20,-0.2,1,0.2,-0.2,1,0,Sand_bags,KNOCK_DOWN,NONE,Immunity,0,0,1-Immunity-1,0,0,39.03611247,39.03611247,0,0,0,80.04548841,80.04548841,1.32497582,0,80.04548841,,,,,,,,
34,1,1,11,18,0,0,4,4,9,14,1,0,0,-0.40,0.4,1.5,-0.6,0.6,0,1,Sand_bags,KNOCK_DOWN,NONE,Immunity,0,0,1-Immunity-1,0,1,38.08913399,57.13370099,0,0,0,19.359337,19.359337,0.320450958,0.480676437,29.0390055,,,,,,,,
35,3,3,2,24,0,1,4,0,0,1,0,0,0,-0.50,0.5,1,-0.5,0.5,0,1,BALL_S,KNOCK_DOWN,NONE,Immunity,0,0,3-Immunity-3,0,0,51.08951022,51.08951022,0,0,0,80.04548841,80.04548841,1.32497582,1.32497582,80.04548841,,,,,,,,
36,3,3,11,16,0,1,1,0,1,2,0,0,0,-0.13,0.125,1,-0.125,0.125,0,1,BALL_S,KNOCK_DOWN,NONE,Immunity,0,0,3-Immunity-3,0,0,41.31858862,41.31858862,0,0,0,19.359337,19.359337,0.320450958,0.320450958,19.359337,,,,,,,,
37,3,3,6,21,0,0,2,0,2,3,0,0,0,-0.25,0.25,1,-0.25,0.25,0,1,BALL_S,KNOCK_DOWN,NONE,Immunity,0,0,3-Immunity-3,0,0,38.09950844,38.09950844,0,0,0,27.58694566,27.58694566,0.456640801,0.456640801,27.58694566,,,,,,,,
38,3,3,4,18,0,1,2,0,3,4,0,0,0,-0.25,0.25,1,-0.25,0.25,0,1,BALL_S,KNOCK_DOWN,NONE,Immunity,0,0,3-Immunity-3,0,0,38.08913399,38.08913399,0,0,0,70.52106527,70.52106527,1.167320084,1.167320084,70.52106527,,,,,,,,
39,3,3,5,19,1,0,3,0,4,5,0,0,0,0.38,-0.375,1,0.375,-0.375,1,0,BALL_S,KNOCK_DOWN,NONE,Immunity,0,0,3-Immunity-3,0,0,72.01141643,72.01141643,0,0,0,50.4424244,50.4424244,0.834962644,0,50.4424244,,,,,,,,
40,3,3,3,13,0,0,7,1,4,6,0,0,0,-0.88,0.875,1,-0.875,0.875,0,1,BALL_S,KNOCK_DOWN,NONE,Immunity,0,0,3-Immunity-3,0,0,91.95005724,91.95005724,0,0,0,29.84487753,29.84487753,0.494015864,0.494015864,29.84487753,,,,,,,,
41,3,3,7,22,1,0,1,1,5,7,0,0,0,0.13,-0.125,1,0.125,-0.125,1,0,BALL_S,KNOCK_DOWN,NONE,Immunity,0,0,3-Immunity-3,0,0,83.79826383,83.79826383,0,0,0,72.22434098,72.22434098,1.195514042,0,72.22434098,,,,,,,,
42,3,3,9,20,0,0,1,2,5,8,0,0,0,-0.13,0.125,1,-0.125,0.125,0,1,BALL_S,KNOCK_DOWN,NONE,Immunity,0,0,3-Immunity-3,0,0,100,100,0,0,0,46.2026372,46.2026372,0.764782355,0.764782355,46.2026372,,,,,,,,
43,3,3,7,14,1,1,1,2,6,9,0,0,0,0.13,-0.125,1,0.125,-0.125,1,0,BALL_S,KNOCK_DOWN,NONE,Immunity,0,0,3-Immunity-3,0,0,39.03611247,39.03611247,0,0,0,72.22434098,72.22434098,1.195514042,0,72.22434098,,,,,,,,
44,3,3,10,17,1,1,3,3,6,10,0,0,0,0.38,-0.375,1,0.375,-0.375,1,0,BALL_S,KNOCK_DOWN,NONE,Immunity,0,0,3-Immunity-3,0,0,87.3927445,87.3927445,0,0,0,82.60497852,82.60497852,1.367342511,0,82.60497852,,,,,,,,
45,3,3,8,21,1,0,2,4,6,11,0,0,0,0.25,-0.25,1,0.25,-0.25,1,0,BALL_S,KNOCK_DOWN,NONE,Immunity,0,0,3-Immunity-3,0,0,38.09950844,38.09950844,0,0,0,67.23510684,67.23510684,1.112928319,0,67.23510684,,,,,,,,
46,3,3,12,16,1,1,7,5,6,12,0,0,0,0.88,-0.875,1,0.875,-0.875,1,0,BALL_S,KNOCK_DOWN,NONE,Immunity,0,0,3-Immunity-3,0,0,41.31858862,41.31858862,0,0,0,60.85262954,60.85262954,1.007280539,0,60.85262954,,,,,,,,
47,3,3,1,23,0,0,1,6,6,13,0,0,0,-0.13,0.125,1,-0.125,0.125,0,1,BALL_S,KNOCK_DOWN,NONE,Immunity,0,0,3-Immunity-3,0,0,64.53486708,64.53486708,0,0,0,84.62528419,84.62528419,1.400784198,1.400784198,84.62528419,,,,,,,,
48,3,3,3,18,1,0,8,6,7,14,0,0,0,1.00,-1,1,1,-1,1,0,BALL_S,KNOCK_DOWN,NONE,Immunity,0,0,3-Immunity-3,0,0,38.08913399,38.08913399,0,0,0,29.84487753,29.84487753,0.494015864,0,29.84487753,,,,,,,,
49,3,3,2,19,0,0,1,7,7,15,0,0,0,-0.13,0.125,1,-0.125,0.125,0,1,BALL_S,KNOCK_DOWN,NONE,Immunity,0,0,3-Immunity-3,0,0,72.01141643,72.01141643,0,0,0,80.04548841,80.04548841,1.32497582,1.32497582,80.04548841,,,,,,,,
50,3,3,9,13,0,0,3,7,8,16,0,0,0,-0.38,0.375,1,-0.375,0.375,0,1,BALL_S,KNOCK_DOWN,NONE,Immunity,0,0,3-Immunity-3,0,0,91.95005724,91.95005724,0,0,0,46.2026372,46.2026372,0.764782355,0.764782355,46.2026372,,,,,,,,
51,3,3,5,24,0,0,3,7,9,17,1,0,0,-0.38,0.375,1.5,-0.5625,0.5625,0,1,BALL_S,KNOCK_DOWN,NONE,Immunity,0,0,3-Immunity-3,0,1,51.08951022,76.63426533,0,0,0,50.4424244,50.4424244,0.834962644,1.252443966,75.66363659,,,,,,,,
52,4,4,7,21,0,0,2,0,0,1,0,0,0,-1.00,1,1,-1,1,0,1,POLE,LAND_IN,NONE,Food,0,0,4-Food-4,0,0,38.09950844,38.09950844,0,0,0,72.22434098,72.22434098,1.195514042,1.195514042,72.22434098,,,,,,,,
53,4,4,10,16,1,1,2,0,1,2,0,0,0,1.00,-1,1,1,-1,1,0,POLE,LAND_IN,NONE,Food,0,0,4-Food-4,0,0,41.31858862,41.31858862,0,0,0,82.60497852,82.60497852,1.367342511,0,82.60497852,,,,,,,,
54,4,4,2,14,1,1,2,1,1,3,0,0,0,1.00,-1,1,1,-1,1,0,POLE,LAND_IN,NONE,Food,0,0,4-Food-4,0,0,39.03611247,39.03611247,0,0,0,80.04548841,80.04548841,1.32497582,0,80.04548841,,,,,,,,
55,4,4,9,18,1,0,1,2,1,4,0,0,0,0.50,-0.5,1,0.5,-0.5,1,0,POLE,LAND_IN,NONE,Food,0,0,4-Food-4,0,0,38.08913399,38.08913399,0,0,0,46.2026372,46.2026372,0.764782355,0,46.2026372,,,,,,,,
56,4,4,5,19,1,0,2,3,1,5,0,0,0,1.00,-1,1,1,-1,1,0,POLE,LAND_IN,NONE,Food,0,0,4-Food-4,0,0,72.01141643,72.01141643,0,0,0,50.4424244,50.4424244,0.834962644,0,50.4424244,,,,,,,,
57,4,4,4,13,0,1,2,4,1,6,0,0,0,-1.00,1,1,-1,1,0,1,POLE,LAND_IN,NONE,Food,0,0,4-Food-4,0,0,91.95005724,91.95005724,0,0,0,70.52106527,70.52106527,1.167320084,1.167320084,70.52106527,,,,,,,,
58,4,4,1,22,0,0,2,4,2,7,0,0,0,-1.00,1,1,-1,1,0,1,POLE,LAND_IN,NONE,Food,0,0,4-Food-4,0,0,83.79826383,83.79826383,0,0,0,84.62528419,84.62528419,1.400784198,1.400784198,84.62528419,,,,,,,,
59,4,4,12,20,0,0,1,4,3,8,0,0,0,-0.50,0.5,1,-0.5,0.5,0,1,POLE,LAND_IN,NONE,Food,0,0,4-Food-4,0,0,100,100,0,0,0,60.85262954,60.85262954,1.007280539,1.007280539,60.85262954,,,,,,,,
60,4,4,2,24,1,1,2,4,4,9,0,0,0,1.00,-1,1,1,-1,1,0,POLE,LAND_IN,NONE,Food,0,0,4-Food-4,0,0,51.08951022,51.08951022,0,0,0,80.04548841,80.04548841,1.32497582,0,80.04548841,,,,,,,,
61,4,4,3,16,0,0,2,5,4,10,0,0,0,-1.00,1,1,-1,1,0,1,POLE,LAND_IN,NONE,Food,0,0,4-Food-4,0,0,41.31858862,41.31858862,0,0,0,29.84487753,29.84487753,0.494015864,0.494015864,29.84487753,,,,,,,,
62,4,4,1,21,1,1,1,5,5,11,0,0,0,0.50,-0.5,1,0.5,-0.5,1,0,POLE,LAND_IN,NONE,Food,0,0,4-Food-4,0,0,38.09950844,38.09950844,0,0,0,84.62528419,84.62528419,1.400784198,0,84.62528419,,,,,,,,
63,4,4,11,15,1,1,2,6,5,12,0,0,0,1.00,-1,1,1,-1,1,0,POLE,LAND_IN,NONE,Food,0,0,4-Food-4,0,0,51.04168587,51.04168587,0,0,0,19.359337,19.359337,0.320450958,0,19.359337,,,,,,,,
64,4,4,6,23,1,0,1,7,5,13,0,0,0,0.50,-0.5,1,0.5,-0.5,1,0,POLE,LAND_IN,NONE,Food,0,0,4-Food-4,0,0,64.53486708,64.53486708,0,0,0,27.58694566,27.58694566,0.456640801,0,27.58694566,,,,,,,,
65,4,4,9,17,0,0,1,8,5,14,0,0,0,-0.50,0.5,1,-0.5,0.5,0,1,POLE,LAND_IN,NONE,Food,0,0,4-Food-4,0,0,87.3927445,87.3927445,0,0,0,46.2026372,46.2026372,0.764782355,0.764782355,46.2026372,,,,,,,,
66,4,4,8,19,0,0,1,8,6,15,0,0,0,-0.50,0.5,1,-0.5,0.5,0,1,POLE,LAND_IN,NONE,Food,0,0,4-Food-4,0,0,72.01141643,72.01141643,0,0,0,67.23510684,67.23510684,1.112928319,1.112928319,67.23510684,,,,,,,,
67,4,4,12,13,0,1,1,8,7,16,0,0,0,-0.50,0.5,1,-0.5,0.5,0,1,POLE,LAND_IN,NONE,Food,0,0,4-Food-4,0,0,91.95005724,91.95005724,0,0,0,60.85262954,60.85262954,1.007280539,1.007280539,60.85262954,,,,,,,,
68,4,4,5,14,0,1,2,8,8,17,0,0,0,-1.00,1,1,-1,1,0,1,POLE,LAND_IN,NONE,Food,0,0,4-Food-4,0,0,39.03611247,39.03611247,0,0,0,50.4424244,50.4424244,0.834962644,0.834962644,50.4424244,,,,,,,,
69,4,4,4,20,0,0,2,8,9,18,1,0,0,-1.00,1,1.5,-1.5,1.5,0,1,POLE,LAND_IN,NONE,Food,0,0,4-Food-4,0,1,100,150,0,0,0,70.52106527,70.52106527,1.167320084,1.750980127,105.7815979,,,,,,,,
70,5,5,5,14,1,1,1,0,0,1,0,0,0,0.14,-0.142857143,1,0.142857143,-0.142857143,1,0,HOOP,KNOCK_DOWN,NONE,Immunity,0,0,5-Immunity-5,0,0,39.03611247,39.03611247,0,0,0,50.4424244,50.4424244,0.834962644,0,50.4424244,,,,,,,,
71,5,5,10,18,1,1,3,1,0,2,0,0,0,0.43,-0.428571429,1,0.428571429,-0.428571429,1,0,HOOP,KNOCK_DOWN,NONE,Immunity,0,0,5-Immunity-5,0,0,38.08913399,38.08913399,0,0,0,82.60497852,82.60497852,1.367342511,0,82.60497852,,,,,,,,
72,5,5,7,24,1,1,5,2,0,3,0,0,0,0.71,-0.714285714,1,0.714285714,-0.714285714,1,0,HOOP,KNOCK_DOWN,NONE,Immunity,0,0,5-Immunity-5,0,0,51.08951022,51.08951022,0,0,0,72.22434098,72.22434098,1.195514042,0,72.22434098,,,,,,,,
73,5,5,12,13,0,1,4,3,0,4,0,0,0,-0.57,0.571428571,1,-0.571428571,0.571428571,0,1,HOOP,KNOCK_DOWN,NONE,Immunity,0,0,5-Immunity-5,0,0,91.95005724,91.95005724,0,0,0,60.85262954,60.85262954,1.007280539,1.007280539,60.85262954,,,,,,,,
74,5,5,1,23,1,1,2,3,1,5,0,0,0,0.29,-0.285714286,1,0.285714286,-0.285714286,1,0,HOOP,KNOCK_DOWN,NONE,Immunity,0,0,5-Immunity-5,0,0,64.53486708,64.53486708,0,0,0,84.62528419,84.62528419,1.400784198,0,84.62528419,,,,,,,,
75,5,5,9,20,0,0,7,4,1,6,0,0,0,-1.00,1,1,-1,1,0,1,HOOP,KNOCK_DOWN,NONE,Immunity,0,0,5-Immunity-5,0,0,100,100,0,0,0,46.2026372,46.2026372,0.764782355,0.764782355,46.2026372,,,,,,,,
76,5,5,8,19,0,0,4,4,2,7,0,0,0,-0.57,0.571428571,1,-0.571428571,0.571428571,0,1,HOOP,KNOCK_DOWN,NONE,Immunity,0,0,5-Immunity-5,0,0,72.01141643,72.01141643,0,0,0,67.23510684,67.23510684,1.112928319,1.112928319,67.23510684,,,,,,,,
77,5,5,4,16,0,1,1,4,3,8,0,0,0,-0.14,0.142857143,1,-0.142857143,0.142857143,0,1,HOOP,KNOCK_DOWN,NONE,Immunity,0,0,5-Immunity-5,0,0,41.31858862,41.31858862,0,0,0,70.52106527,70.52106527,1.167320084,1.167320084,70.52106527,,,,,,,,
78,5,5,1,21,1,1,1,4,4,9,0,0,0,0.14,-0.142857143,1,0.142857143,-0.142857143,1,0,HOOP,KNOCK_DOWN,NONE,Immunity,0,0,5-Immunity-5,0,0,38.09950844,38.09950844,0,0,0,84.62528419,84.62528419,1.400784198,0,84.62528419,,,,,,,,
79,5,5,10,17,1,1,4,5,4,10,0,0,0,0.57,-0.571428571,1,0.571428571,-0.571428571,1,0,HOOP,KNOCK_DOWN,NONE,Immunity,0,0,5-Immunity-5,0,0,87.3927445,87.3927445,0,0,0,82.60497852,82.60497852,1.367342511,0,82.60497852,,,,,,,,
80,5,5,2,22,0,0,1,6,4,11,0,0,0,-0.14,0.142857143,1,-0.142857143,0.142857143,0,1,HOOP,KNOCK_DOWN,NONE,Immunity,0,0,5-Immunity-5,0,0,83.79826383,83.79826383,0,0,0,80.04548841,80.04548841,1.32497582,1.32497582,80.04548841,,,,,,,,
81,5,5,12,16,1,1,4,6,5,12,0,0,0,0.57,-0.571428571,1,0.571428571,-0.571428571,1,0,HOOP,KNOCK_DOWN,NONE,Immunity,0,0,5-Immunity-5,0,0,41.31858862,41.31858862,0,0,0,60.85262954,60.85262954,1.007280539,0,60.85262954,,,,,,,,
82,5,5,5,19,0,0,6,7,5,13,0,0,0,-0.86,0.857142857,1,-0.857142857,0.857142857,0,1,HOOP,KNOCK_DOWN,NONE,Immunity,0,0,5-Immunity-5,0,0,72.01141643,72.01141643,0,0,0,50.4424244,50.4424244,0.834962644,0.834962644,50.4424244,,,,,,,,
83,5,5,4,15,1,1,1,7,6,14,0,0,0,0.14,-0.142857143,1,0.142857143,-0.142857143,1,0,HOOP,KNOCK_DOWN,NONE,Immunity,0,0,5-Immunity-5,0,0,51.04168587,51.04168587,0,0,0,70.52106527,70.52106527,1.167320084,0,70.52106527,,,,,,,,
84,5,5,1,14,1,1,6,8,6,15,0,0,0,0.86,-0.857142857,1,0.857142857,-0.857142857,1,0,HOOP,KNOCK_DOWN,NONE,Immunity,0,0,5-Immunity-5,0,0,39.03611247,39.03611247,0,0,0,84.62528419,84.62528419,1.400784198,0,84.62528419,,,,,,,,
85,5,5,9,13,0,0,6,9,6,16,0,0,0,-0.86,0.857142857,1,-0.857142857,0.857142857,0,1,HOOP,KNOCK_DOWN,NONE,Immunity,0,0,5-Immunity-5,0,0,91.95005724,91.95005724,0,0,0,46.2026372,46.2026372,0.764782355,0.764782355,46.2026372,,,,,,,,
86,5,5,5,22,0,0,5,9,7,17,0,0,0,-0.71,0.714285714,1,-0.714285714,0.714285714,0,1,HOOP,KNOCK_DOWN,NONE,Immunity,0,0,5-Immunity-5,0,0,83.79826383,83.79826383,0,0,0,50.4424244,50.4424244,0.834962644,0.834962644,50.4424244,,,,,,,,
87,5,5,10,16,1,1,7,9,8,18,1,0,0,1.00,-1,1.5,1.5,-1.5,1,0,HOOP,KNOCK_DOWN,NONE,Immunity,0,0,5-Immunity-5,1,0,41.31858862,61.97788293,0,0,0,82.60497852,82.60497852,1.367342511,0,123.9074678,,,,,,,,
88,6,6,7,21,0,1,3,0,0,1,0,0,0,-1.00,1,1,-1,1,0,1,DISC,LAND_IN,RACE,Immunity,0,0,6-Immunity-6,0,0,38.09950844,38.09950844,0,0,0,72.22434098,72.22434098,1.195514042,1.195514042,72.22434098,,,,,,,,
89,6,6,12,17,0,0,3,0,1,2,0,0,0,-1.00,1,1,-1,1,0,1,DISC,LAND_IN,RACE,Immunity,0,0,6-Immunity-6,0,0,87.3927445,87.3927445,0,0,0,60.85262954,60.85262954,1.007280539,1.007280539,60.85262954,,,,,,,,
90,6,6,2,19,1,1,1,0,2,3,0,0,0,0.33,-0.333333333,1,0.333333333,-0.333333333,1,0,DISC,LAND_IN,RACE,Immunity,0,0,6-Immunity-6,0,0,72.01141643,72.01141643,0,0,0,80.04548841,80.04548841,1.32497582,0,80.04548841,,,,,,,,
91,6,6,10,15,0,0,2,1,2,4,0,0,0,-0.67,0.666666667,1,-0.666666667,0.666666667,0,1,DISC,LAND_IN,RACE,Immunity,0,0,6-Immunity-6,0,0,51.04168587,51.04168587,0,0,0,82.60497852,82.60497852,1.367342511,1.367342511,82.60497852,,,,,,,,
92,6,6,5,23,0,0,3,1,3,5,0,0,0,-1.00,1,1,-1,1,0,1,DISC,LAND_IN,RACE,Immunity,0,0,6-Immunity-6,0,0,64.53486708,64.53486708,0,0,0,50.4424244,50.4424244,0.834962644,0.834962644,50.4424244,,,,,,,,
93,6,6,9,16,0,1,1,1,4,6,0,0,0,-0.33,0.333333333,1,-0.333333333,0.333333333,0,1,DISC,LAND_IN,RACE,Immunity,0,0,6-Immunity-6,0,0,41.31858862,41.31858862,0,0,0,46.2026372,46.2026372,0.764782355,0.764782355,46.2026372,,,,,,,,
94,6,6,1,22,0,0,2,1,5,7,0,0,0,-0.67,0.666666667,1,-0.666666667,0.666666667,0,1,DISC,LAND_IN,RACE,Immunity,0,0,6-Immunity-6,0,0,83.79826383,83.79826383,0,0,0,84.62528419,84.62528419,1.400784198,1.400784198,84.62528419,,,,,,,,
95,6,6,4,18,0,1,2,1,6,8,0,0,0,-0.67,0.666666667,1,-0.666666667,0.666666667,0,1,DISC,LAND_IN,RACE,Immunity,0,0,6-Immunity-6,0,0,38.08913399,38.08913399,0,0,0,70.52106527,70.52106527,1.167320084,1.167320084,70.52106527,,,,,,,,
96,6,6,8,24,1,1,3,1,7,9,0,0,0,1.00,-1,1,1,-1,1,0,DISC,LAND_IN,RACE,Immunity,0,0,6-Immunity-6,0,0,51.08951022,51.08951022,0,0,0,67.23510684,67.23510684,1.112928319,0,67.23510684,,,,,,,,
97,6,6,9,18,1,1,3,2,7,10,0,0,0,1.00,-1,1,1,-1,1,0,DISC,LAND_IN,RACE,Immunity,0,0,6-Immunity-6,0,0,38.08913399,38.08913399,0,0,0,46.2026372,46.2026372,0.764782355,0,46.2026372,,,,,,,,
98,6,6,5,14,0,0,1,3,7,11,0,0,0,-0.33,0.333333333,1,-0.333333333,0.333333333,0,1,DISC,LAND_IN,RACE,Immunity,0,0,6-Immunity-6,0,0,39.03611247,39.03611247,0,0,0,50.4424244,50.4424244,0.834962644,0.834962644,50.4424244,,,,,,,,
99,6,6,4,13,1,1,2,3,8,12,0,0,0,0.67,-0.666666667,1,0.666666667,-0.666666667,1,0,DISC,LAND_IN,RACE,Immunity,0,0,6-Immunity-6,0,0,91.95005724,91.95005724,0,0,0,70.52106527,70.52106527,1.167320084,0,70.52106527,,,,,,,,
100,6,6,2,23,0,0,1,4,8,13,0,0,0,-0.33,0.333333333,1,-0.333333333,0.333333333,0,1,DISC,LAND_IN,RACE,Immunity,0,0,6-Immunity-6,0,0,64.53486708,64.53486708,0,0,0,80.04548841,80.04548841,1.32497582,1.32497582,80.04548841,,,,,,,,
101,6,6,10,16,1,1,3,4,9,14,0,0,0,1.00,-1,1,1,-1,1,0,DISC,LAND_IN,RACE,Immunity,0,0,6-Immunity-6,0,0,41.31858862,41.31858862,0,0,0,82.60497852,82.60497852,1.367342511,0,82.60497852,,,,,,,,
102,6,6,7,22,1,1,3,5,9,15,0,0,0,1.00,-1,1,1,-1,1,0,DISC,LAND_IN,RACE,Immunity,0,0,6-Immunity-6,0,0,83.79826383,83.79826383,0,0,0,72.22434098,72.22434098,1.195514042,0,72.22434098,,,,,,,,
103,6,6,9,15,1,1,3,6,9,16,0,0,0,1.00,-1,1,1,-1,1,0,DISC,LAND_IN,RACE,Immunity,0,0,6-Immunity-6,0,0,51.04168587,51.04168587,0,0,0,46.2026372,46.2026372,0.764782355,0,46.2026372,,,,,,,,
104,6,6,5,21,1,1,3,7,9,17,0,0,0,1.00,-1,1,1,-1,1,0,DISC,LAND_IN,RACE,Immunity,0,0,6-Immunity-6,0,0,38.09950844,38.09950844,0,0,0,50.4424244,50.4424244,0.834962644,0,50.4424244,,,,,,,,
105,6,6,12,16,0,0,1,8,9,18,1,0,0,-0.33,0.333333333,1.5,-0.5,0.5,0,1,DISC,LAND_IN,RACE,Immunity,0,0,6-Immunity-6,0,1,41.31858862,61.97788293,0,0,0,60.85262954,60.85262954,1.007280539,1.510920809,91.27894431,,,,,,,,
106,7,7,1,24,1,1,1,0,0,1,0,0,0,0.33,-0.333333333,1,0.333333333,-0.333333333,1,0,Sand_bags,LAND_IN,NONE,Immunity,0,0,7-Immunity-7,0,0,51.08951022,51.08951022,0,0,0,84.62528419,84.62528419,1.400784198,0,84.62528419,,,,,,,,
107,7,7,10,13,0,1,1,1,0,2,0,0,0,-0.33,0.333333333,1,-0.333333333,0.333333333,0,1,Sand_bags,LAND_IN,NONE,Immunity,0,0,7-Immunity-7,0,0,91.95005724,91.95005724,0,0,0,82.60497852,82.60497852,1.367342511,1.367342511,82.60497852,,,,,,,,
108,7,7,5,14,1,1,3,1,1,3,0,0,0,1.00,-1,1,1,-1,1,0,Sand_bags,LAND_IN,NONE,Immunity,0,0,7-Immunity-7,0,0,39.03611247,39.03611247,0,0,0,50.4424244,50.4424244,0.834962644,0,50.4424244,,,,,,,,
109,7,7,12,15,0,1,1,2,1,4,0,0,0,-0.33,0.333333333,1,-0.333333333,0.333333333,0,1,Sand_bags,LAND_IN,NONE,Immunity,0,0,7-Immunity-7,0,0,51.04168587,51.04168587,0,0,0,60.85262954,60.85262954,1.007280539,1.007280539,60.85262954,,,,,,,,
110,7,7,8,21,1,0,1,2,2,5,0,0,0,0.33,-0.333333333,1,0.333333333,-0.333333333,1,0,Sand_bags,LAND_IN,NONE,Immunity,0,0,7-Immunity-7,0,0,38.09950844,38.09950844,0,0,0,67.23510684,67.23510684,1.112928319,0,67.23510684,,,,,,,,
111,7,7,9,16,1,0,2,3,2,6,0,0,0,0.67,-0.666666667,1,0.666666667,-0.666666667,1,0,Sand_bags,LAND_IN,NONE,Immunity,0,0,7-Immunity-7,0,0,41.31858862,41.31858862,0,0,0,46.2026372,46.2026372,0.764782355,0,46.2026372,,,,,,,,
112,7,7,7,22,0,0,1,4,2,7,0,0,0,-0.33,0.333333333,1,-0.333333333,0.333333333,0,1,Sand_bags,LAND_IN,NONE,Immunity,0,0,7-Immunity-7,0,0,83.79826383,83.79826383,0,0,0,72.22434098,72.22434098,1.195514042,1.195514042,72.22434098,,,,,,,,
113,7,7,4,17,0,1,1,4,3,8,0,0,0,-0.33,0.333333333,1,-0.333333333,0.333333333,0,1,Sand_bags,LAND_IN,NONE,Immunity,0,0,7-Immunity-7,0,0,87.3927445,87.3927445,0,0,0,70.52106527,70.52106527,1.167320084,1.167320084,70.52106527,,,,,,,,
114,7,7,2,19,1,0,1,4,4,9,0,0,0,0.33,-0.333333333,1,0.333333333,-0.333333333,1,0,Sand_bags,LAND_IN,NONE,Immunity,0,0,7-Immunity-7,0,0,72.01141643,72.01141643,0,0,0,80.04548841,80.04548841,1.32497582,0,80.04548841,,,,,,,,
115,7,7,10,20,1,1,1,5,4,10,0,0,0,0.33,-0.333333333,1,0.333333333,-0.333333333,1,0,Sand_bags,LAND_IN,NONE,Immunity,0,0,7-Immunity-7,0,0,100,100,0,0,0,82.60497852,82.60497852,1.367342511,0,82.60497852,,,,,,,,
116,7,7,5,23,0,1,1,6,4,11,0,0,0,-0.33,0.333333333,1,-0.333333333,0.333333333,0,1,Sand_bags,LAND_IN,NONE,Immunity,0,0,7-Immunity-7,0,0,64.53486708,64.53486708,0,0,0,50.4424244,50.4424244,0.834962644,0.834962644,50.4424244,,,,,,,,
117,7,7,9,18,1,1,2,6,5,12,0,0,0,0.67,-0.666666667,1,0.666666667,-0.666666667,1,0,Sand_bags,LAND_IN,NONE,Immunity,0,0,7-Immunity-7,0,0,38.08913399,38.08913399,0,0,0,46.2026372,46.2026372,0.764782355,0,46.2026372,,,,,,,,
118,7,7,8,22,0,0,1,7,5,13,0,0,0,-0.33,0.333333333,1,-0.333333333,0.333333333,0,1,Sand_bags,LAND_IN,NONE,Immunity,0,0,7-Immunity-7,0,0,83.79826383,83.79826383,0,0,0,67.23510684,67.23510684,1.112928319,1.112928319,67.23510684,,,,,,,,
119,7,7,4,16,1,1,3,7,6,14,0,0,0,1.00,-1,1,1,-1,1,0,Sand_bags,LAND_IN,NONE,Immunity,0,0,7-Immunity-7,0,0,41.31858862,41.31858862,0,0,0,70.52106527,70.52106527,1.167320084,0,70.52106527,,,,,,,,
120,7,7,5,22,0,0,2,8,6,15,0,0,0,-0.67,0.666666667,1,-0.666666667,0.666666667,0,1,Sand_bags,LAND_IN,NONE,Immunity,0,0,7-Immunity-7,0,0,83.79826383,83.79826383,0,0,0,50.4424244,50.4424244,0.834962644,0.834962644,50.4424244,,,,,,,,
121,7,7,4,16,1,1,2,8,7,16,0,0,0,0.67,-0.666666667,1,0.666666667,-0.666666667,1,0,Sand_bags,LAND_IN,NONE,Immunity,0,0,7-Immunity-7,0,0,41.31858862,41.31858862,0,0,0,70.52106527,70.52106527,1.167320084,0,70.52106527,,,,,,,,
122,7,7,1,14,1,1,1,9,7,17,1,0,0,0.33,-0.333333333,1.5,0.5,-0.5,1,0,Sand_bags,LAND_IN,NONE,Immunity,0,0,7-Immunity-7,1,0,39.03611247,58.5541687,0,0,0,84.62528419,84.62528419,1.400784198,0,126.9379263,,,,,,,,
123,8,8,5,22,1,,,0,0,1,0,0,0,0.00,0,1,0,0,1,0,NONE,NONE,NONE,Food,0,0,8-Food-8,0,0,83.79826383,83.79826383,0,0,0,50.4424244,50.4424244,0.834962644,0,50.4424244,,,,,,,,
124,8,8,12,18,1,,,1,0,2,0,0,0,0.00,0,1,0,0,1,0,NONE,NONE,NONE,Food,0,0,8-Food-8,0,0,38.08913399,38.08913399,0,0,0,60.85262954,60.85262954,1.007280539,0,60.85262954,,,,,,,,
125,8,8,1,21,0,,,2,0,3,0,0,0,0.00,0,1,0,0,0,1,NONE,NONE,NONE,Food,0,0,8-Food-8,0,0,38.09950844,38.09950844,0,0,0,84.62528419,84.62528419,1.400784198,1.400784198,84.62528419,,,,,,,,
126,8,8,4,16,1,,,2,1,4,0,0,0,0.00,0,1,0,0,1,0,NONE,NONE,NONE,Food,0,0,8-Food-8,0,0,41.31858862,41.31858862,0,0,0,70.52106527,70.52106527,1.167320084,0,70.52106527,,,,,,,,
127,8,8,7,23,0,,,3,1,5,0,0,0,0.00,0,1,0,0,0,1,NONE,NONE,NONE,Food,0,0,8-Food-8,0,0,64.53486708,64.53486708,0,0,0,72.22434098,72.22434098,1.195514042,1.195514042,72.22434098,,,,,,,,
128,8,8,10,13,0,,,3,2,6,0,0,0,0.00,0,1,0,0,0,1,NONE,NONE,NONE,Food,0,0,8-Food-8,0,0,91.95005724,91.95005724,0,0,0,82.60497852,82.60497852,1.367342511,1.367342511,82.60497852,,,,,,,,
129,8,8,2,19,0,,,3,3,7,0,0,0,0.00,0,1,0,0,0,1,NONE,NONE,NONE,Food,0,0,8-Food-8,0,0,72.01141643,72.01141643,0,0,0,80.04548841,80.04548841,1.32497582,1.32497582,80.04548841,,,,,,,,
130,8,8,9,15,0,,,3,4,8,0,0,0,0.00,0,1,0,0,0,1,NONE,NONE,NONE,Food,0,0,8-Food-8,0,0,51.04168587,51.04168587,0,0,0,46.2026372,46.2026372,0.764782355,0.764782355,46.2026372,,,,,,,,
131,8,8,8,14,0,,,3,5,9,0,0,0,0.00,0,1,0,0,0,1,NONE,NONE,NONE,Food,0,0,8-Food-8,0,0,39.03611247,39.03611247,0,0,0,67.23510684,67.23510684,1.112928319,1.112928319,67.23510684,,,,,,,,
132,8,8,4,20,0,,,3,6,10,1,0,0,0.00,0,1.5,0,0,0,1,NONE,NONE,NONE,Food,0,0,8-Food-8,0,1,100,150,0,0,0,70.52106527,70.52106527,1.167320084,1.750980127,105.7815979,,,,,,,,
133,9,9,5,14,0,1,3,0,0,1,0,0,0,-0.50,0.5,1,-0.5,0.5,0,1,STICK,KNOCK_DOWN,NONE,Immunity,0,0,9-Immunity-9,0,0,39.03611247,39.03611247,0,0,0,50.4424244,50.4424244,0.834962644,0.834962644,50.4424244,,,,,,,,
134,9,9,10,17,1,1,1,0,1,2,0,0,0,0.17,-0.166666667,1,0.166666667,-0.166666667,1,0,STICK,KNOCK_DOWN,NONE,Immunity,0,0,9-Immunity-9,0,0,87.3927445,87.3927445,0,0,0,82.60497852,82.60497852,1.367342511,0,82.60497852,,,,,,,,
135,9,9,7,21,1,0,1,1,1,3,0,0,0,0.17,-0.166666667,1,0.166666667,-0.166666667,1,0,STICK,KNOCK_DOWN,NONE,Immunity,0,0,9-Immunity-9,0,0,38.09950844,38.09950844,0,0,0,72.22434098,72.22434098,1.195514042,0,72.22434098,,,,,,,,
136,9,9,9,18,0,1,1,2,1,4,0,0,0,-0.17,0.166666667,1,-0.166666667,0.166666667,0,1,STICK,KNOCK_DOWN,NONE,Immunity,0,0,9-Immunity-9,0,0,38.08913399,38.08913399,0,0,0,46.2026372,46.2026372,0.764782355,0.764782355,46.2026372,,,,,,,,
137,9,9,8,24,0,0,2,2,2,5,0,0,0,-0.33,0.333333333,1,-0.333333333,0.333333333,0,1,STICK,KNOCK_DOWN,NONE,Immunity,0,0,9-Immunity-9,0,0,51.08951022,51.08951022,0,0,0,67.23510684,67.23510684,1.112928319,1.112928319,67.23510684,,,,,,,,
138,9,9,4,15,1,1,3,2,3,6,0,0,0,0.50,-0.5,1,0.5,-0.5,1,0,STICK,KNOCK_DOWN,NONE,Immunity,0,0,9-Immunity-9,0,0,51.04168587,51.04168587,0,0,0,70.52106527,70.52106527,1.167320084,0,70.52106527,,,,,,,,
139,9,9,2,22,0,0,2,3,3,7,0,0,0,-0.33,0.333333333,1,-0.333333333,0.333333333,0,1,STICK,KNOCK_DOWN,NONE,Immunity,0,0,9-Immunity-9,0,0,83.79826383,83.79826383,0,0,0,80.04548841,80.04548841,1.32497582,1.32497582,80.04548841,,,,,,,,
140,9,9,12,20,1,1,2,3,4,8,0,0,0,0.33,-0.333333333,1,0.333333333,-0.333333333,1,0,STICK,KNOCK_DOWN,NONE,Immunity,0,0,9-Immunity-9,0,0,100,100,0,0,0,60.85262954,60.85262954,1.007280539,0,60.85262954,,,,,,,,
141,9,9,1,19,1,0,2,4,4,9,0,0,0,0.33,-0.333333333,1,0.333333333,-0.333333333,1,0,STICK,KNOCK_DOWN,NONE,Immunity,0,0,9-Immunity-9,0,0,72.01141643,72.01141643,0,0,0,84.62528419,84.62528419,1.400784198,0,84.62528419,,,,,,,,
142,9,9,10,18,1,1,6,5,4,10,0,0,0,1.00,-1,1,1,-1,1,0,STICK,KNOCK_DOWN,NONE,Immunity,0,0,9-Immunity-9,0,0,38.08913399,38.08913399,0,0,0,82.60497852,82.60497852,1.367342511,0,82.60497852,,,,,,,,
143,9,9,8,23,0,0,3,6,4,11,0,0,0,-0.50,0.5,1,-0.5,0.5,0,1,STICK,KNOCK_DOWN,NONE,Immunity,0,0,9-Immunity-9,0,0,64.53486708,64.53486708,0,0,0,67.23510684,67.23510684,1.112928319,1.112928319,67.23510684,,,,,,,,
144,9,9,12,13,1,1,1,6,5,12,0,0,0,0.17,-0.166666667,1,0.166666667,-0.166666667,1,0,STICK,KNOCK_DOWN,NONE,Immunity,0,0,9-Immunity-9,0,0,91.95005724,91.95005724,0,0,0,60.85262954,60.85262954,1.007280539,0,60.85262954,,,,,,,,
145,9,9,7,14,1,1,3,7,5,13,0,0,0,0.50,-0.5,1,0.5,-0.5,1,0,STICK,KNOCK_DOWN,NONE,Immunity,0,0,9-Immunity-9,0,0,39.03611247,39.03611247,0,0,0,72.22434098,72.22434098,1.195514042,0,72.22434098,,,,,,,,
146,9,9,9,15,0,1,1,8,5,14,0,0,0,-0.17,0.166666667,1,-0.166666667,0.166666667,0,1,STICK,KNOCK_DOWN,NONE,Immunity,0,0,9-Immunity-9,0,0,51.04168587,51.04168587,0,0,0,46.2026372,46.2026372,0.764782355,0.764782355,46.2026372,,,,,,,,
147,9,9,1,24,1,1,1,8,6,15,0,0,0,0.17,-0.166666667,1,0.166666667,-0.166666667,1,0,STICK,KNOCK_DOWN,NONE,Immunity,0,0,9-Immunity-9,0,0,51.08951022,51.08951022,0,0,0,84.62528419,84.62528419,1.400784198,0,84.62528419,,,,,,,,
148,9,9,12,18,1,1,3,9,6,16,1,0,0,0.50,-0.5,1.5,0.75,-0.75,1,0,STICK,KNOCK_DOWN,NONE,Immunity,0,0,9-Immunity-9,1,0,38.08913399,57.13370099,0,0,0,60.85262954,60.85262954,1.007280539,0,91.27894431,,,,,,,,
149,10,10,2,19,1,0,1,0,0,1,0,0,0,0.25,-0.25,1,0.25,-0.25,1,0,HOOP,HOOK,RACE,Immunity,0,0,10-Immunity-10,0,0,72.01141643,72.01141643,0,0,0,80.04548841,80.04548841,1.32497582,0,80.04548841,,,,,,,,
150,10,10,9,18,1,0,1,1,0,2,0,0,0,0.25,-0.25,1,0.25,-0.25,1,0,HOOP,HOOK,RACE,Immunity,0,0,10-Immunity-10,0,0,38.08913399,38.08913399,0,0,0,46.2026372,46.2026372,0.764782355,0,46.2026372,,,,,,,,
151,10,10,1,22,0,0,1,2,0,3,0,0,0,-0.25,0.25,1,-0.25,0.25,0,1,HOOP,HOOK,RACE,Immunity,0,0,10-Immunity-10,0,0,83.79826383,83.79826383,0,0,0,84.62528419,84.62528419,1.400784198,1.400784198,84.62528419,,,,,,,,
152,10,10,12,20,0,0,3,2,1,4,0,0,0,-0.75,0.75,1,-0.75,0.75,0,1,HOOP,HOOK,RACE,Immunity,0,0,10-Immunity-10,0,0,100,100,0,0,0,60.85262954,60.85262954,1.007280539,1.007280539,60.85262954,,,,,,,,
153,10,10,7,23,1,1,3,2,2,5,0,0,0,0.75,-0.75,1,0.75,-0.75,1,0,HOOP,HOOK,RACE,Immunity,0,0,10-Immunity-10,0,0,64.53486708,64.53486708,0,0,0,72.22434098,72.22434098,1.195514042,0,72.22434098,,,,,,,,
154,10,10,10,17,0,0,1,3,2,6,0,0,0,-0.25,0.25,1,-0.25,0.25,0,1,HOOP,HOOK,RACE,Immunity,0,0,10-Immunity-10,0,0,87.3927445,87.3927445,0,0,0,82.60497852,82.60497852,1.367342511,1.367342511,82.60497852,,,,,,,,
155,10,10,8,14,1,1,4,3,3,7,0,0,0,1.00,-1,1,1,-1,1,0,HOOP,HOOK,RACE,Immunity,0,0,10-Immunity-10,0,0,39.03611247,39.03611247,0,0,0,67.23510684,67.23510684,1.112928319,0,67.23510684,,,,,,,,
156,10,10,4,15,1,0,2,4,3,8,0,0,0,0.50,-0.5,1,0.5,-0.5,1,0,HOOP,HOOK,RACE,Immunity,0,0,10-Immunity-10,0,0,51.04168587,51.04168587,0,0,0,70.52106527,70.52106527,1.167320084,0,70.52106527,,,,,,,,
157,10,10,1,21,1,1,2,5,3,9,0,0,0,0.50,-0.5,1,0.5,-0.5,1,0,HOOP,HOOK,RACE,Immunity,0,0,10-Immunity-10,0,0,38.09950844,38.09950844,0,0,0,84.62528419,84.62528419,1.400784198,0,84.62528419,,,,,,,,
158,10,10,9,13,0,0,3,6,3,10,0,0,0,-0.75,0.75,1,-0.75,0.75,0,1,HOOP,HOOK,RACE,Immunity,0,0,10-Immunity-10,0,0,91.95005724,91.95005724,0,0,0,46.2026372,46.2026372,0.764782355,0.764782355,46.2026372,,,,,,,,
159,10,10,2,22,1,1,4,6,4,11,0,0,0,1.00,-1,1,1,-1,1,0,HOOP,HOOK,RACE,Immunity,0,0,10-Immunity-10,0,0,83.79826383,83.79826383,0,0,0,80.04548841,80.04548841,1.32497582,0,80.04548841,,,,,,,,
160,10,10,4,18,1,1,2,7,4,12,0,0,0,0.50,-0.5,1,0.5,-0.5,1,0,HOOP,HOOK,RACE,Immunity,0,0,10-Immunity-10,0,0,38.08913399,38.08913399,0,0,0,70.52106527,70.52106527,1.167320084,0,70.52106527,,,,,,,,
161,10,10,8,24,0,0,3,8,4,13,0,0,0,-0.75,0.75,1,-0.75,0.75,0,1,HOOP,HOOK,RACE,Immunity,0,0,10-Immunity-10,0,0,51.08951022,51.08951022,0,0,0,67.23510684,67.23510684,1.112928319,1.112928319,67.23510684,,,,,,,,
162,10,10,10,15,1,1,4,8,5,14,0,0,0,1.00,-1,1,1,-1,1,0,HOOP,HOOK,RACE,Immunity,0,0,10-Immunity-10,0,0,51.04168587,51.04168587,0,0,0,82.60497852,82.60497852,1.367342511,0,82.60497852,,,,,,,,
163,10,10,2,14,1,1,3,9,5,15,1,0,0,0.75,-0.75,1.5,1.125,-1.125,1,0,HOOP,HOOK,RACE,Immunity,0,0,10-Immunity-10,1,0,39.03611247,58.5541687,0,0,0,80.04548841,80.04548841,1.32497582,0,120.0682326,,,,,,,,
164,11,11,1,23,1,0,3,0,0,1,0,0,0,1.00,-1,1,1,-1,1,0,BALL_L,PLACE_IN_SLOT,NONE,Immunity,0,0,11-Immunity-11,0,0,64.53486708,64.53486708,0,0,0,84.62528419,84.62528419,1.400784198,0,84.62528419,,,,,,,,
165,11,11,12,20,0,1,2,1,0,2,0,0,0,-0.67,0.666666667,1,-0.666666667,0.666666667,0,1,BALL_L,PLACE_IN_SLOT,NONE,Immunity,0,0,11-Immunity-11,0,0,100,100,0,0,0,60.85262954,60.85262954,1.007280539,1.007280539,60.85262954,,,,,,,,
166,11,11,7,21,1,0,1,1,1,3,0,0,0,0.33,-0.333333333,1,0.333333333,-0.333333333,1,0,BALL_L,PLACE_IN_SLOT,NONE,Immunity,0,0,11-Immunity-11,0,0,38.09950844,38.09950844,0,0,0,72.22434098,72.22434098,1.195514042,0,72.22434098,,,,,,,,
167,11,11,4,18,1,1,3,2,1,4,0,0,0,1.00,-1,1,1,-1,1,0,BALL_L,PLACE_IN_SLOT,NONE,Immunity,0,0,11-Immunity-11,0,0,38.08913399,38.08913399,0,0,0,70.52106527,70.52106527,1.167320084,0,70.52106527,,,,,,,,
168,11,11,2,19,1,0,2,3,1,5,0,0,0,0.67,-0.666666667,1,0.666666667,-0.666666667,1,0,BALL_L,PLACE_IN_SLOT,NONE,Immunity,0,0,11-Immunity-11,0,0,72.01141643,72.01141643,0,0,0,80.04548841,80.04548841,1.32497582,0,80.04548841,,,,,,,,
169,11,11,10,13,1,1,3,4,1,6,0,0,0,1.00,-1,1,1,-1,1,0,BALL_L,PLACE_IN_SLOT,NONE,Immunity,0,0,11-Immunity-11,0,0,91.95005724,91.95005724,0,0,0,82.60497852,82.60497852,1.367342511,0,82.60497852,,,,,,,,
170,11,11,8,14,1,1,3,5,1,7,0,0,0,1.00,-1,1,1,-1,1,0,BALL_L,PLACE_IN_SLOT,NONE,Immunity,0,0,11-Immunity-11,0,0,39.03611247,39.03611247,0,0,0,67.23510684,67.23510684,1.112928319,0,67.23510684,,,,,,,,
171,11,11,5,15,0,1,1,6,1,8,0,0,0,-0.33,0.333333333,1,-0.333333333,0.333333333,0,1,BALL_L,PLACE_IN_SLOT,NONE,Immunity,0,0,11-Immunity-11,0,0,51.04168587,51.04168587,0,0,0,50.4424244,50.4424244,0.834962644,0.834962644,50.4424244,,,,,,,,
172,11,11,1,22,1,0,1,6,2,9,0,0,0,0.33,-0.333333333,1,0.333333333,-0.333333333,1,0,BALL_L,PLACE_IN_SLOT,NONE,Immunity,0,0,11-Immunity-11,0,0,83.79826383,83.79826383,0,0,0,84.62528419,84.62528419,1.400784198,0,84.62528419,,,,,,,,
173,11,11,4,17,1,0,3,7,2,10,0,0,0,1.00,-1,1,1,-1,1,0,BALL_L,PLACE_IN_SLOT,NONE,Immunity,0,0,11-Immunity-11,0,0,87.3927445,87.3927445,0,0,0,70.52106527,70.52106527,1.167320084,0,70.52106527,,,,,,,,
174,11,11,8,24,1,0,2,8,2,11,0,0,0,0.67,-0.666666667,1,0.666666667,-0.666666667,1,0,BALL_L,PLACE_IN_SLOT,NONE,Immunity,0,0,11-Immunity-11,0,0,51.08951022,51.08951022,0,0,0,67.23510684,67.23510684,1.112928319,0,67.23510684,,,,,,,,
175,11,11,10,20,1,0,1,9,2,12,1,0,0,0.33,-0.333333333,1.5,0.5,-0.5,1,0,BALL_L,PLACE_IN_SLOT,NONE,Immunity,0,0,11-Immunity-11,1,0,100,150,0,0,0,82.60497852,82.60497852,1.367342511,0,123.9074678,,,,,,,,
176,12,12,1,22,0,,,0,0,1,0,0,0,0.00,0,1,0,0,0,1,NONE,NONE,NONE,Food,0,0,12-Food-12,0,0,83.79826383,83.79826383,0,0,0,84.62528419,84.62528419,1.400784198,1.400784198,84.62528419,,,,,,,,
177,12,12,12,13,0,,,0,1,2,0,0,0,0.00,0,1,0,0,0,1,NONE,NONE,NONE,Food,0,0,12-Food-12,0,0,91.95005724,91.95005724,0,0,0,60.85262954,60.85262954,1.007280539,1.007280539,60.85262954,,,,,,,,
178,12,12,8,23,1,,,0,2,3,0,0,0,0.00,0,1,0,0,1,0,NONE,NONE,NONE,Food,0,0,12-Food-12,0,0,64.53486708,64.53486708,0,0,0,67.23510684,67.23510684,1.112928319,0,67.23510684,,,,,,,,
179,12,12,10,17,1,,,1,2,4,0,0,0,0.00,0,1,0,0,1,0,NONE,NONE,NONE,Food,0,0,12-Food-12,0,0,87.3927445,87.3927445,0,0,0,82.60497852,82.60497852,1.367342511,0,82.60497852,,,,,,,,
180,12,12,7,19,1,,,2,2,5,0,0,0,0.00,0,1,0,0,1,0,NONE,NONE,NONE,Food,0,0,12-Food-12,0,0,72.01141643,72.01141643,0,0,0,72.22434098,72.22434098,1.195514042,0,72.22434098,,,,,,,,
181,12,12,9,15,0,,,3,2,6,0,0,0,0.00,0,1,0,0,0,1,NONE,NONE,NONE,Food,0,0,12-Food-12,0,0,51.04168587,51.04168587,0,0,0,46.2026372,46.2026372,0.764782355,0.764782355,46.2026372,,,,,,,,
182,12,12,1,24,1,,,3,3,7,0,0,0,0.00,0,1,0,0,1,0,NONE,NONE,NONE,Food,0,0,12-Food-12,0,0,51.08951022,51.08951022,0,0,0,84.62528419,84.62528419,1.400784198,0,84.62528419,,,,,,,,
183,12,12,10,13,1,,,4,3,8,0,0,0,0.00,0,1,0,0,1,0,NONE,NONE,NONE,Food,0,0,12-Food-12,0,0,91.95005724,91.95005724,0,0,0,82.60497852,82.60497852,1.367342511,0,82.60497852,,,,,,,,
184,12,12,8,21,1,,,5,3,9,0,0,0,0.00,0,1,0,0,1,0,NONE,NONE,NONE,Food,0,0,12-Food-12,0,0,38.09950844,38.09950844,0,0,0,67.23510684,67.23510684,1.112928319,0,67.23510684,,,,,,,,
185,12,12,9,20,0,,,6,3,10,0,0,0,0.00,0,1,0,0,0,1,NONE,NONE,NONE,Food,0,0,12-Food-12,0,0,100,100,0,0,0,46.2026372,46.2026372,0.764782355,0.764782355,46.2026372,,,,,,,,
186,12,12,7,14,1,,,6,4,11,0,0,0,0.00,0,1,0,0,1,0,NONE,NONE,NONE,Food,0,0,12-Food-12,0,0,39.03611247,39.03611247,0,0,0,72.22434098,72.22434098,1.195514042,0,72.22434098,,,,,,,,
187,12,12,4,14,1,,,7,4,12,0,0,0,0.00,0,1,0,0,1,0,NONE,NONE,NONE,Food,0,0,12-Food-12,0,0,39.03611247,39.03611247,0,0,0,70.52106527,70.52106527,1.167320084,0,70.52106527,,,,,,,,
188,12,12,1,22,0,,,8,4,13,0,0,0,0.00,0,1,0,0,0,1,NONE,NONE,NONE,Food,0,0,12-Food-12,0,0,83.79826383,83.79826383,0,0,0,84.62528419,84.62528419,1.400784198,1.400784198,84.62528419,,,,,,,,
189,12,12,9,13,0,,,8,5,14,0,0,0,0.00,0,1,0,0,0,1,NONE,NONE,NONE,Food,0,0,12-Food-12,0,0,91.95005724,91.95005724,0,0,0,46.2026372,46.2026372,0.764782355,0.764782355,46.2026372,,,,,,,,
190,12,12,8,24,1,,,8,6,15,0,0,0,0.00,0,1,0,0,1,0,NONE,NONE,NONE,Food,0,0,12-Food-12,0,0,51.08951022,51.08951022,0,0,0,67.23510684,67.23510684,1.112928319,0,67.23510684,,,,,,,,
191,12,12,10,20,1,,,9,6,16,1,0,0,0.00,0,1.5,0,0,1,0,NONE,NONE,NONE,Food,0,0,12-Food-12,1,0,100,150,0,0,0,82.60497852,82.60497852,1.367342511,0,123.9074678,,,,,,,,
192,13,13,7,23,1,1,2,0,0,1,0,0,0,0.67,-0.666666667,1,0.666666667,-0.666666667,1,0,Sand_bags,KNOCK_DOWN,NONE,Immunity,0,0,13-Immunity-13,0,0,64.53486708,64.53486708,0,0,0,72.22434098,72.22434098,1.195514042,0,72.22434098,,,,,,,,
193,13,13,4,17,0,1,3,1,0,2,0,0,0,-1.00,1,1,-1,1,0,1,Sand_bags,KNOCK_DOWN,NONE,Immunity,0,0,13-Immunity-13,0,0,87.3927445,87.3927445,0,0,0,70.52106527,70.52106527,1.167320084,1.167320084,70.52106527,,,,,,,,
194,13,13,8,19,1,0,2,1,1,3,0,0,0,0.67,-0.666666667,1,0.666666667,-0.666666667,1,0,Sand_bags,KNOCK_DOWN,NONE,Immunity,0,0,13-Immunity-13,0,0,72.01141643,72.01141643,0,0,0,67.23510684,67.23510684,1.112928319,0,67.23510684,,,,,,,,
195,13,13,9,20,0,0,3,2,1,4,0,0,0,-1.00,1,1,-1,1,0,1,Sand_bags,KNOCK_DOWN,NONE,Immunity,0,0,13-Immunity-13,0,0,100,100,0,0,0,46.2026372,46.2026372,0.764782355,0.764782355,46.2026372,,,,,,,,
196,13,13,2,24,1,1,1,2,2,5,0,0,0,0.33,-0.333333333,1,0.333333333,-0.333333333,1,0,Sand_bags,KNOCK_DOWN,NONE,Immunity,0,0,13-Immunity-13,0,0,51.08951022,51.08951022,0,0,0,80.04548841,80.04548841,1.32497582,0,80.04548841,,,,,,,,
197,13,13,12,13,0,0,2,3,2,6,0,0,0,-0.67,0.666666667,1,-0.666666667,0.666666667,0,1,Sand_bags,KNOCK_DOWN,NONE,Immunity,0,0,13-Immunity-13,0,0,91.95005724,91.95005724,0,0,0,60.85262954,60.85262954,1.007280539,1.007280539,60.85262954,,,,,,,,
198,13,13,6,22,0,0,3,3,3,7,0,0,0,-1.00,1,1,-1,1,0,1,Sand_bags,KNOCK_DOWN,NONE,Immunity,0,0,13-Immunity-13,0,0,83.79826383,83.79826383,0,0,0,27.58694566,27.58694566,0.456640801,0.456640801,27.58694566,,,,,,,,
199,13,13,10,15,1,1,2,3,4,8,0,0,0,0.67,-0.666666667,1,0.666666667,-0.666666667,1,0,Sand_bags,KNOCK_DOWN,NONE,Immunity,0,0,13-Immunity-13,0,0,51.04168587,51.04168587,0,0,0,82.60497852,82.60497852,1.367342511,0,82.60497852,,,,,,,,
200,13,13,1,21,1,1,3,4,4,9,0,0,0,1.00,-1,1,1,-1,1,0,Sand_bags,KNOCK_DOWN,NONE,Immunity,0,0,13-Immunity-13,0,0,38.09950844,38.09950844,0,0,0,84.62528419,84.62528419,1.400784198,0,84.62528419,,,,,,,,
201,13,13,4,20,0,1,2,5,4,10,0,0,0,-0.67,0.666666667,1,-0.666666667,0.666666667,0,1,Sand_bags,KNOCK_DOWN,NONE,Immunity,0,0,13-Immunity-13,0,0,100,100,0,0,0,70.52106527,70.52106527,1.167320084,1.167320084,70.52106527,,,,,,,,
202,13,13,10,17,0,0,1,5,5,11,0,0,0,-0.33,0.333333333,1,-0.333333333,0.333333333,0,1,Sand_bags,KNOCK_DOWN,NONE,Immunity,0,0,13-Immunity-13,0,0,87.3927445,87.3927445,0,0,0,82.60497852,82.60497852,1.367342511,1.367342511,82.60497852,,,,,,,,
203,13,13,8,22,1,0,1,5,6,12,0,0,0,0.33,-0.333333333,1,0.333333333,-0.333333333,1,0,Sand_bags,KNOCK_DOWN,NONE,Immunity,0,0,13-Immunity-13,0,0,83.79826383,83.79826383,0,0,0,67.23510684,67.23510684,1.112928319,0,67.23510684,,,,,,,,
204,13,13,12,15,1,1,2,6,6,13,0,0,0,0.67,-0.666666667,1,0.666666667,-0.666666667,1,0,Sand_bags,KNOCK_DOWN,NONE,Immunity,0,0,13-Immunity-13,0,0,51.04168587,51.04168587,0,0,0,60.85262954,60.85262954,1.007280539,0,60.85262954,,,,,,,,
205,13,13,9,13,0,0,3,7,6,14,0,0,0,-1.00,1,1,-1,1,0,1,Sand_bags,KNOCK_DOWN,NONE,Immunity,0,0,13-Immunity-13,0,0,91.95005724,91.95005724,0,0,0,46.2026372,46.2026372,0.764782355,0.764782355,46.2026372,,,,,,,,
206,13,13,1,24,0,1,1,7,7,15,0,0,0,-0.33,0.333333333,1,-0.333333333,0.333333333,0,1,Sand_bags,KNOCK_DOWN,NONE,Immunity,0,0,13-Immunity-13,0,0,51.08951022,51.08951022,0,0,0,84.62528419,84.62528419,1.400784198,1.400784198,84.62528419,,,,,,,,
207,13,13,9,15,0,0,3,7,8,16,0,0,0,-1.00,1,1,-1,1,0,1,Sand_bags,KNOCK_DOWN,NONE,Immunity,0,0,13-Immunity-13,0,0,51.04168587,51.04168587,0,0,0,46.2026372,46.2026372,0.764782355,0.764782355,46.2026372,,,,,,,,
208,13,13,7,22,0,0,2,7,9,17,1,0,,-0.67,0.666666667,1.5,-1,1,0,1,Sand_bags,KNOCK_DOWN,NONE,Immunity,0,0,13-Immunity-13,0,1,83.79826383,125.6973957,0,0,0,72.22434098,72.22434098,1.195514042,1.793271063,108.3365115,,,,,,,,
209,14,14,8,19,0,1,2,0,0,1,0,0,,-0.50,0.5,1,-0.5,0.5,0,1,DISC,KNOCK_DOWN,RACE,Immunity,0,0,14-Immunity-14,0,0,72.01141643,72.01141643,0,0,0,67.23510684,67.23510684,1.112928319,1.112928319,67.23510684,,,,,,,,
210,14,14,12,17,0,0,1,0,1,2,0,0,,-0.25,0.25,1,-0.25,0.25,0,1,DISC,KNOCK_DOWN,RACE,Immunity,0,0,14-Immunity-14,0,0,87.3927445,87.3927445,0,0,0,60.85262954,60.85262954,1.007280539,1.007280539,60.85262954,,,,,,,,
211,14,14,7,14,1,1,3,0,2,3,0,0,,0.75,-0.75,1,0.75,-0.75,1,0,DISC,KNOCK_DOWN,RACE,Immunity,0,0,14-Immunity-14,0,0,39.03611247,39.03611247,0,0,0,72.22434098,72.22434098,1.195514042,0,72.22434098,,,,,,,,
212,14,14,10,20,0,0,4,1,2,4,0,0,,-1.00,1,1,-1,1,0,1,DISC,KNOCK_DOWN,RACE,Immunity,0,0,14-Immunity-14,0,0,100,100,0,0,0,82.60497852,82.60497852,1.367342511,1.367342511,82.60497852,,,,,,,,
213,14,14,2,23,1,1,2,1,3,5,0,0,,0.50,-0.5,1,0.5,-0.5,1,0,DISC,KNOCK_DOWN,RACE,Immunity,0,0,14-Immunity-14,0,0,64.53486708,64.53486708,0,0,0,80.04548841,80.04548841,1.32497582,0,80.04548841,,,,,,,,
214,14,14,9,15,1,1,2,2,3,6,0,0,,0.50,-0.5,1,0.5,-0.5,1,0,DISC,KNOCK_DOWN,RACE,Immunity,0,0,14-Immunity-14,0,0,51.04168587,51.04168587,0,0,0,46.2026372,46.2026372,0.764782355,0,46.2026372,,,,,,,,
215,14,14,1,22,1,1,4,3,3,7,0,0,,1.00,-1,1,1,-1,1,0,DISC,KNOCK_DOWN,RACE,Immunity,0,0,14-Immunity-14,0,0,83.79826383,83.79826383,0,0,0,84.62528419,84.62528419,1.400784198,0,84.62528419,,,,,,,,
216,14,14,2,24,1,1,2,4,3,8,0,0,,0.50,-0.5,1,0.5,-0.5,1,0,DISC,KNOCK_DOWN,RACE,Immunity,0,0,14-Immunity-14,0,0,51.08951022,51.08951022,0,0,0,80.04548841,80.04548841,1.32497582,0,80.04548841,,,,,,,,
217,14,14,10,17,0,1,1,5,3,9,0,0,,-0.25,0.25,1,-0.25,0.25,0,1,DISC,KNOCK_DOWN,RACE,Immunity,0,0,14-Immunity-14,0,0,87.3927445,87.3927445,0,0,0,82.60497852,82.60497852,1.367342511,1.367342511,82.60497852,,,,,,,,
218,14,14,1,21,1,0,4,5,4,10,0,0,,1.00,-1,1,1,-1,1,0,DISC,KNOCK_DOWN,RACE,Immunity,0,0,14-Immunity-14,0,0,38.09950844,38.09950844,0,0,0,84.62528419,84.62528419,1.400784198,0,84.62528419,,,,,,,,
219,14,14,9,13,0,1,2,6,4,11,0,0,,-0.50,0.5,1,-0.5,0.5,0,1,DISC,KNOCK_DOWN,RACE,Immunity,0,0,14-Immunity-14,0,0,91.95005724,91.95005724,0,0,0,46.2026372,46.2026372,0.764782355,0.764782355,46.2026372,,,,,,,,
220,14,14,8,14,1,1,4,6,5,12,0,0,,1.00,-1,1,1,-1,1,0,DISC,KNOCK_DOWN,RACE,Immunity,0,0,14-Immunity-14,0,0,39.03611247,39.03611247,0,0,0,67.23510684,67.23510684,1.112928319,0,67.23510684,,,,,,,,
221,14,14,12,15,1,1,3,7,5,13,0,0,,0.75,-0.75,1,0.75,-0.75,1,0,DISC,KNOCK_DOWN,RACE,Immunity,0,0,14-Immunity-14,0,0,51.04168587,51.04168587,0,0,0,60.85262954,60.85262954,1.007280539,0,60.85262954,,,,,,,,
222,14,14,7,19,0,0,3,8,5,14,0,0,,-0.75,0.75,1,-0.75,0.75,0,1,DISC,KNOCK_DOWN,RACE,Immunity,0,0,14-Immunity-14,0,0,72.01141643,72.01141643,0,0,0,72.22434098,72.22434098,1.195514042,1.195514042,72.22434098,,,,,,,,
223,14,14,2,14,1,1,3,8,6,15,0,0,,0.75,-0.75,1,0.75,-0.75,1,0,DISC,KNOCK_DOWN,RACE,Immunity,0,0,14-Immunity-14,0,0,39.03611247,39.03611247,0,0,0,80.04548841,80.04548841,1.32497582,0,80.04548841,,,,,,,,
224,14,14,9,20,0,0,4,9,6,16,0,0,,-1.00,1,1,-1,1,0,1,DISC,KNOCK_DOWN,RACE,Immunity,0,0,14-Immunity-14,0,0,100,100,0,0,0,46.2026372,46.2026372,0.764782355,0.764782355,46.2026372,,,,,,,,
225,14,14,7,19,0,0,3,9,7,17,0,0,,-0.75,0.75,1,-0.75,0.75,0,1,DISC,KNOCK_DOWN,RACE,Immunity,0,0,14-Immunity-14,0,0,72.01141643,72.01141643,0,0,0,72.22434098,72.22434098,1.195514042,1.195514042,72.22434098,,,,,,,,
226,14,14,12,15,1,1,1,9,8,18,1,0,,0.25,-0.25,1.5,0.375,-0.375,1,0,DISC,KNOCK_DOWN,RACE,Immunity,0,0,14-Immunity-14,1,0,51.04168587,76.5625288,0,0,0,60.85262954,60.85262954,1.007280539,0,91.27894431,,,,,,,,
